Minute,Team,Player,EventType,Outcome,xG,PSxG,match_url,match_date,home_team,away_team,division,season
0,0,0,Shot,0,0.0,0.0,https://fbref.com/en/matches/08b1b7de/West-Ham-United-Leicester-City-February-27-2025-Premier-League,2025-02-27,West Ham,Leicester City,Premier League,2024
2,Leicester City,Wilfred Ndidi,Shot,Saved,0.04,0.05,https://fbref.com/en/matches/08b1b7de/West-Ham-United-Leicester-City-February-27-2025-Premier-League,2025-02-27,West Ham,Leicester City,Premier League,2024
21,West Ham,Tomáš Souček,Shot,Goal,0.55,0.46,https://fbref.com/en/matches/08b1b7de/West-Ham-United-Leicester-City-February-27-2025-Premier-League,2025-02-27,West Ham,Leicester City,Premier League,2024
21,West Ham,Mohammed Kudus,Shot,Saved,0.64,0.39,https://fbref.com/en/matches/08b1b7de/West-Ham-United-Leicester-City-February-27-2025-Premier-League,2025-02-27,West Ham,Leicester City,Premier League,2024
26,West Ham,Max Kilman,Shot,Off Target,0.01,0.0,https://fbref.com/en/matches/08b1b7de/West-Ham-United-Leicester-City-February-27-2025-Premier-League,2025-02-27,West Ham,Leicester City,Premier League,2024
39,West Ham,Jarrod Bowen,Shot,Off Target,0.03,0.0,https://fbref.com/en/matches/08b1b7de/West-Ham-United-Leicester-City-February-27-2025-Premier-League,2025-02-27,West Ham,Leicester City,Premier League,2024
43,West Ham,Jarrod Bowen,Shot,Blocked,0.05,0.0,https://fbref.com/en/matches/08b1b7de/West-Ham-United-Leicester-City-February-27-2025-Premier-League,2025-02-27,West Ham,Leicester City,Premier League,2024
45,Leicester City,James Justin,Shot,Blocked,0.03,0.0,https://fbref.com/en/matches/08b1b7de/West-Ham-United-Leicester-City-February-27-2025-Premier-League,2025-02-27,West Ham,Leicester City,Premier League,2024
55,West Ham,Oliver Scarles,Shot,Blocked,0.02,0.0,https://fbref.com/en/matches/08b1b7de/West-Ham-United-Leicester-City-February-27-2025-Premier-League,2025-02-27,West Ham,Leicester City,Premier League,2024
60,Leicester City,Wilfred Ndidi,Shot,Off Target,0.01,0.0,https://fbref.com/en/matches/08b1b7de/West-Ham-United-Leicester-City-February-27-2025-Premier-League,2025-02-27,West Ham,Leicester City,Premier League,2024
62,Leicester City,Stephy Mavididi,Shot,Blocked,0.03,0.0,https://fbref.com/en/matches/08b1b7de/West-Ham-United-Leicester-City-February-27-2025-Premier-League,2025-02-27,West Ham,Leicester City,Premier League,2024
67,Leicester City,Bilal El Khannouss,Shot,Blocked,0.04,0.0,https://fbref.com/en/matches/08b1b7de/West-Ham-United-Leicester-City-February-27-2025-Premier-League,2025-02-27,West Ham,Leicester City,Premier League,2024
67,Leicester City,Jannik Vestergaard,Shot,Saved,0.06,0.2,https://fbref.com/en/matches/08b1b7de/West-Ham-United-Leicester-City-February-27-2025-Premier-League,2025-02-27,West Ham,Leicester City,Premier League,2024
69,Leicester City,James Justin,Shot,Blocked,0.05,0.0,https://fbref.com/en/matches/08b1b7de/West-Ham-United-Leicester-City-February-27-2025-Premier-League,2025-02-27,West Ham,Leicester City,Premier League,2024
73,Leicester City,Wilfred Ndidi,Shot,Off Target,0.07,0.0,https://fbref.com/en/matches/08b1b7de/West-Ham-United-Leicester-City-February-27-2025-Premier-League,2025-02-27,West Ham,Leicester City,Premier League,2024
80,West Ham,Evan Ferguson,Shot,Blocked,0.11,0.0,https://fbref.com/en/matches/08b1b7de/West-Ham-United-Leicester-City-February-27-2025-Premier-League,2025-02-27,West Ham,Leicester City,Premier League,2024
82,Leicester City,Wout Faes,Shot,Blocked,0.02,0.0,https://fbref.com/en/matches/08b1b7de/West-Ham-United-Leicester-City-February-27-2025-Premier-League,2025-02-27,West Ham,Leicester City,Premier League,2024
83,Leicester City,Victor Bernth Kristiansen,Shot,Off Target,0.03,0.0,https://fbref.com/en/matches/08b1b7de/West-Ham-United-Leicester-City-February-27-2025-Premier-League,2025-02-27,West Ham,Leicester City,Premier League,2024
90,West Ham,Konstantinos Mavropanos,Shot,Off Target,0.26,0.0,https://fbref.com/en/matches/08b1b7de/West-Ham-United-Leicester-City-February-27-2025-Premier-League,2025-02-27,West Ham,Leicester City,Premier League,2024
0,0,0,Shot,0,0.0,0.0,https://fbref.com/en/matches/a0975f8c/Liverpool-Newcastle-United-February-26-2025-Premier-League,2025-02-26,Liverpool,Newcastle Utd,Premier League,2024
11,Liverpool,Dominik Szoboszlai,Shot,Goal,0.28,0.17,https://fbref.com/en/matches/a0975f8c/Liverpool-Newcastle-United-February-26-2025-Premier-League,2025-02-26,Liverpool,Newcastle Utd,Premier League,2024
23,Liverpool,Alexis Mac Allister,Shot,Blocked,0.02,0.0,https://fbref.com/en/matches/a0975f8c/Liverpool-Newcastle-United-February-26-2025-Premier-League,2025-02-26,Liverpool,Newcastle Utd,Premier League,2024
29,Liverpool,Kostas Tsimikas,Shot,Off Target,0.04,0.0,https://fbref.com/en/matches/a0975f8c/Liverpool-Newcastle-United-February-26-2025-Premier-League,2025-02-26,Liverpool,Newcastle Utd,Premier League,2024
30,Newcastle Utd,Callum Wilson,Shot,Off Target,0.13,0.0,https://fbref.com/en/matches/a0975f8c/Liverpool-Newcastle-United-February-26-2025-Premier-League,2025-02-26,Liverpool,Newcastle Utd,Premier League,2024
36,Liverpool,Dominik Szoboszlai,Shot,Off Target,0.11,0.0,https://fbref.com/en/matches/a0975f8c/Liverpool-Newcastle-United-February-26-2025-Premier-League,2025-02-26,Liverpool,Newcastle Utd,Premier League,2024
39,Liverpool,Mohamed Salah,Shot,Off Target,0.02,0.0,https://fbref.com/en/matches/a0975f8c/Liverpool-Newcastle-United-February-26-2025-Premier-League,2025-02-26,Liverpool,Newcastle Utd,Premier League,2024
47,Newcastle Utd,Anthony Gordon,Shot,Blocked,0.04,0.0,https://fbref.com/en/matches/a0975f8c/Liverpool-Newcastle-United-February-26-2025-Premier-League,2025-02-26,Liverpool,Newcastle Utd,Premier League,2024
50,Newcastle Utd,Callum Wilson,Shot,Off Target,0.05,0.0,https://fbref.com/en/matches/a0975f8c/Liverpool-Newcastle-United-February-26-2025-Premier-League,2025-02-26,Liverpool,Newcastle Utd,Premier League,2024
63,Liverpool,Alexis Mac Allister,Shot,Goal,0.19,0.73,https://fbref.com/en/matches/a0975f8c/Liverpool-Newcastle-United-February-26-2025-Premier-League,2025-02-26,Liverpool,Newcastle Utd,Premier League,2024
73,Liverpool,Luis Díaz,Shot,Off Target,0.37,0.0,https://fbref.com/en/matches/a0975f8c/Liverpool-Newcastle-United-February-26-2025-Premier-League,2025-02-26,Liverpool,Newcastle Utd,Premier League,2024
78,Liverpool,Cody Gakpo,Shot,Blocked,0.14,0.0,https://fbref.com/en/matches/a0975f8c/Liverpool-Newcastle-United-February-26-2025-Premier-League,2025-02-26,Liverpool,Newcastle Utd,Premier League,2024
84,Liverpool,Mohamed Salah,Shot,Blocked,0.04,0.0,https://fbref.com/en/matches/a0975f8c/Liverpool-Newcastle-United-February-26-2025-Premier-League,2025-02-26,Liverpool,Newcastle Utd,Premier League,2024
88,Liverpool,Mohamed Salah,Shot,Saved,0.08,0.19,https://fbref.com/en/matches/a0975f8c/Liverpool-Newcastle-United-February-26-2025-Premier-League,2025-02-26,Liverpool,Newcastle Utd,Premier League,2024
90,Liverpool,Cody Gakpo,Shot,Off Target,0.39,0.0,https://fbref.com/en/matches/a0975f8c/Liverpool-Newcastle-United-February-26-2025-Premier-League,2025-02-26,Liverpool,Newcastle Utd,Premier League,2024
90,Liverpool,Dominik Szoboszlai,Shot,Blocked,0.02,0.0,https://fbref.com/en/matches/a0975f8c/Liverpool-Newcastle-United-February-26-2025-Premier-League,2025-02-26,Liverpool,Newcastle Utd,Premier League,2024
0,0,0,Shot,0,0.0,0.0,https://fbref.com/en/matches/d4387bc1/Nottingham-Forest-Arsenal-February-26-2025-Premier-League,2025-02-26,Nott'ham Forest,Arsenal,Premier League,2024
10,Arsenal,Declan Rice,Shot,Blocked,0.05,0.0,https://fbref.com/en/matches/d4387bc1/Nottingham-Forest-Arsenal-February-26-2025-Premier-League,2025-02-26,Nott'ham Forest,Arsenal,Premier League,2024
10,Nott'ham Forest,Chris Wood,Shot,Blocked,0.04,0.0,https://fbref.com/en/matches/d4387bc1/Nottingham-Forest-Arsenal-February-26-2025-Premier-League,2025-02-26,Nott'ham Forest,Arsenal,Premier League,2024
11,Arsenal,Ethan Nwaneri,Shot,Blocked,0.01,0.0,https://fbref.com/en/matches/d4387bc1/Nottingham-Forest-Arsenal-February-26-2025-Premier-League,2025-02-26,Nott'ham Forest,Arsenal,Premier League,2024
16,Arsenal,Declan Rice,Shot,Blocked,0.06,0.0,https://fbref.com/en/matches/d4387bc1/Nottingham-Forest-Arsenal-February-26-2025-Premier-League,2025-02-26,Nott'ham Forest,Arsenal,Premier League,2024
24,Arsenal,Riccardo Calafiori,Shot,Woodwork,0.1,0.0,https://fbref.com/en/matches/d4387bc1/Nottingham-Forest-Arsenal-February-26-2025-Premier-League,2025-02-26,Nott'ham Forest,Arsenal,Premier League,2024
25,Nott'ham Forest,Nicolás Domínguez,Shot,Saved,0.01,0.12,https://fbref.com/en/matches/d4387bc1/Nottingham-Forest-Arsenal-February-26-2025-Premier-League,2025-02-26,Nott'ham Forest,Arsenal,Premier League,2024
26,Arsenal,Leandro Trossard,Shot,Blocked,0.02,0.0,https://fbref.com/en/matches/d4387bc1/Nottingham-Forest-Arsenal-February-26-2025-Premier-League,2025-02-26,Nott'ham Forest,Arsenal,Premier League,2024
41,Arsenal,Ethan Nwaneri,Shot,Blocked,0.04,0.0,https://fbref.com/en/matches/d4387bc1/Nottingham-Forest-Arsenal-February-26-2025-Premier-League,2025-02-26,Nott'ham Forest,Arsenal,Premier League,2024
43,Arsenal,William Saliba,Shot,Blocked,0.19,0.0,https://fbref.com/en/matches/d4387bc1/Nottingham-Forest-Arsenal-February-26-2025-Premier-League,2025-02-26,Nott'ham Forest,Arsenal,Premier League,2024
50,Arsenal,Leandro Trossard,Shot,Blocked,0.02,0.0,https://fbref.com/en/matches/d4387bc1/Nottingham-Forest-Arsenal-February-26-2025-Premier-League,2025-02-26,Nott'ham Forest,Arsenal,Premier League,2024
51,Arsenal,Mikel Merino,Shot,Saved,0.09,0.39,https://fbref.com/en/matches/d4387bc1/Nottingham-Forest-Arsenal-February-26-2025-Premier-League,2025-02-26,Nott'ham Forest,Arsenal,Premier League,2024
55,Arsenal,Kieran Tierney,Shot,Off Target,0.21,0.0,https://fbref.com/en/matches/d4387bc1/Nottingham-Forest-Arsenal-February-26-2025-Premier-League,2025-02-26,Nott'ham Forest,Arsenal,Premier League,2024
58,Arsenal,Ethan Nwaneri,Shot,Blocked,0.02,0.0,https://fbref.com/en/matches/d4387bc1/Nottingham-Forest-Arsenal-February-26-2025-Premier-League,2025-02-26,Nott'ham Forest,Arsenal,Premier League,2024
69,Nott'ham Forest,Chris Wood,Shot,Saved,0.11,0.34,https://fbref.com/en/matches/d4387bc1/Nottingham-Forest-Arsenal-February-26-2025-Premier-League,2025-02-26,Nott'ham Forest,Arsenal,Premier League,2024
76,Nott'ham Forest,Ryan Yates,Shot,Blocked,0.08,0.0,https://fbref.com/en/matches/d4387bc1/Nottingham-Forest-Arsenal-February-26-2025-Premier-League,2025-02-26,Nott'ham Forest,Arsenal,Premier League,2024
79,Arsenal,Mikel Merino,Shot,Blocked,0.13,0.0,https://fbref.com/en/matches/d4387bc1/Nottingham-Forest-Arsenal-February-26-2025-Premier-League,2025-02-26,Nott'ham Forest,Arsenal,Premier League,2024
85,Nott'ham Forest,Callum Hudson-Odoi,Shot,Off Target,0.05,0.0,https://fbref.com/en/matches/d4387bc1/Nottingham-Forest-Arsenal-February-26-2025-Premier-League,2025-02-26,Nott'ham Forest,Arsenal,Premier League,2024
86,Arsenal,Thomas Partey,Shot,Off Target,0.06,0.0,https://fbref.com/en/matches/d4387bc1/Nottingham-Forest-Arsenal-February-26-2025-Premier-League,2025-02-26,Nott'ham Forest,Arsenal,Premier League,2024
88,Nott'ham Forest,Neco Williams,Shot,Blocked,0.1,0.0,https://fbref.com/en/matches/d4387bc1/Nottingham-Forest-Arsenal-February-26-2025-Premier-League,2025-02-26,Nott'ham Forest,Arsenal,Premier League,2024
0,0,0,Shot,0,0.0,0.0,https://fbref.com/en/matches/bf6aa8ee/Manchester-United-Ipswich-Town-February-26-2025-Premier-League,2025-02-26,Manchester Utd,Ipswich Town,Premier League,2024
1,Ipswich Town,Liam Delap,Shot,Off Target,0.05,0.0,https://fbref.com/en/matches/bf6aa8ee/Manchester-United-Ipswich-Town-February-26-2025-Premier-League,2025-02-26,Manchester Utd,Ipswich Town,Premier League,2024
4,Ipswich Town,Jaden Philogene Bidace,Shot,Goal,0.96,1.0,https://fbref.com/en/matches/bf6aa8ee/Manchester-United-Ipswich-Town-February-26-2025-Premier-League,2025-02-26,Manchester Utd,Ipswich Town,Premier League,2024
9,Manchester Utd,Harry Maguire,Shot,Saved,0.04,0.06,https://fbref.com/en/matches/bf6aa8ee/Manchester-United-Ipswich-Town-February-26-2025-Premier-League,2025-02-26,Manchester Utd,Ipswich Town,Premier League,2024
10,Manchester Utd,Diogo Dalot,Shot,Off Target,0.03,0.0,https://fbref.com/en/matches/bf6aa8ee/Manchester-United-Ipswich-Town-February-26-2025-Premier-League,2025-02-26,Manchester Utd,Ipswich Town,Premier League,2024
20,Manchester Utd,Joshua Zirkzee,Shot,Blocked,0.04,0.0,https://fbref.com/en/matches/bf6aa8ee/Manchester-United-Ipswich-Town-February-26-2025-Premier-League,2025-02-26,Manchester Utd,Ipswich Town,Premier League,2024
26,Manchester Utd,Diogo Dalot,Shot,Saved,0.13,0.16,https://fbref.com/en/matches/bf6aa8ee/Manchester-United-Ipswich-Town-February-26-2025-Premier-League,2025-02-26,Manchester Utd,Ipswich Town,Premier League,2024
26,Manchester Utd,Harry Maguire,Shot,Saved,0.09,0.25,https://fbref.com/en/matches/bf6aa8ee/Manchester-United-Ipswich-Town-February-26-2025-Premier-League,2025-02-26,Manchester Utd,Ipswich Town,Premier League,2024
26,Manchester Utd,Matthijs de Ligt,Shot,Goal,0.31,0.92,https://fbref.com/en/matches/bf6aa8ee/Manchester-United-Ipswich-Town-February-26-2025-Premier-League,2025-02-26,Manchester Utd,Ipswich Town,Premier League,2024
36,Manchester Utd,Patrick Dorgu,Shot,Saved,0.05,0.02,https://fbref.com/en/matches/bf6aa8ee/Manchester-United-Ipswich-Town-February-26-2025-Premier-League,2025-02-26,Manchester Utd,Ipswich Town,Premier League,2024
39,Manchester Utd,Alejandro Garnacho,Shot,Blocked,0.04,0.0,https://fbref.com/en/matches/bf6aa8ee/Manchester-United-Ipswich-Town-February-26-2025-Premier-League,2025-02-26,Manchester Utd,Ipswich Town,Premier League,2024
43,Manchester United,Patrick Dorgu,Red Card,Red Card,0.0,0.0,https://fbref.com/en/matches/bf6aa8ee/Manchester-United-Ipswich-Town-February-26-2025-Premier-League,2025-02-26,Manchester Utd,Ipswich Town,Premier League,2024
45,Ipswich Town,Jaden Philogene Bidace,Shot,Off Target,0.04,0.0,https://fbref.com/en/matches/bf6aa8ee/Manchester-United-Ipswich-Town-February-26-2025-Premier-League,2025-02-26,Manchester Utd,Ipswich Town,Premier League,2024
45,Ipswich Town,Jaden Philogene Bidace,Shot,Goal,0.02,0.2,https://fbref.com/en/matches/bf6aa8ee/Manchester-United-Ipswich-Town-February-26-2025-Premier-League,2025-02-26,Manchester Utd,Ipswich Town,Premier League,2024
47,Manchester Utd,Harry Maguire,Shot,Goal,0.07,0.43,https://fbref.com/en/matches/bf6aa8ee/Manchester-United-Ipswich-Town-February-26-2025-Premier-League,2025-02-26,Manchester Utd,Ipswich Town,Premier League,2024
50,Ipswich Town,Liam Delap,Shot,Blocked,0.03,0.0,https://fbref.com/en/matches/bf6aa8ee/Manchester-United-Ipswich-Town-February-26-2025-Premier-League,2025-02-26,Manchester Utd,Ipswich Town,Premier League,2024
57,Ipswich Town,Liam Delap,Shot,Blocked,0.06,0.0,https://fbref.com/en/matches/bf6aa8ee/Manchester-United-Ipswich-Town-February-26-2025-Premier-League,2025-02-26,Manchester Utd,Ipswich Town,Premier League,2024
58,Ipswich Town,Jens Cajuste,Shot,Blocked,0.05,0.0,https://fbref.com/en/matches/bf6aa8ee/Manchester-United-Ipswich-Town-February-26-2025-Premier-League,2025-02-26,Manchester Utd,Ipswich Town,Premier League,2024
60,Ipswich Town,Jens Cajuste,Shot,Blocked,0.05,0.0,https://fbref.com/en/matches/bf6aa8ee/Manchester-United-Ipswich-Town-February-26-2025-Premier-League,2025-02-26,Manchester Utd,Ipswich Town,Premier League,2024
73,Ipswich Town,Jack Taylor,Shot,Off Target,0.02,0.0,https://fbref.com/en/matches/bf6aa8ee/Manchester-United-Ipswich-Town-February-26-2025-Premier-League,2025-02-26,Manchester Utd,Ipswich Town,Premier League,2024
78,Ipswich Town,Axel Tuanzebe,Shot,Blocked,0.03,0.0,https://fbref.com/en/matches/bf6aa8ee/Manchester-United-Ipswich-Town-February-26-2025-Premier-League,2025-02-26,Manchester Utd,Ipswich Town,Premier League,2024
83,Ipswich Town,George Hirst,Shot,Off Target,0.09,0.0,https://fbref.com/en/matches/bf6aa8ee/Manchester-United-Ipswich-Town-February-26-2025-Premier-League,2025-02-26,Manchester Utd,Ipswich Town,Premier League,2024
87,Ipswich Town,Jaden Philogene Bidace,Shot,Saved,0.02,0.19,https://fbref.com/en/matches/bf6aa8ee/Manchester-United-Ipswich-Town-February-26-2025-Premier-League,2025-02-26,Manchester Utd,Ipswich Town,Premier League,2024
90,Manchester Utd,Casemiro,Shot,Blocked,0.01,0.0,https://fbref.com/en/matches/bf6aa8ee/Manchester-United-Ipswich-Town-February-26-2025-Premier-League,2025-02-26,Manchester Utd,Ipswich Town,Premier League,2024
0,0,0,Shot,0,0.0,0.0,https://fbref.com/en/matches/3b8160bd/Tottenham-Hotspur-Manchester-City-February-26-2025-Premier-League,2025-02-26,Tottenham,Manchester City,Premier League,2024
6,Tottenham,Mathys Tel,Shot,Saved,0.04,0.56,https://fbref.com/en/matches/3b8160bd/Tottenham-Hotspur-Manchester-City-February-26-2025-Premier-League,2025-02-26,Tottenham,Manchester City,Premier League,2024
7,Manchester City,Erling Haaland,Shot,Saved,0.46,0.23,https://fbref.com/en/matches/3b8160bd/Tottenham-Hotspur-Manchester-City-February-26-2025-Premier-League,2025-02-26,Tottenham,Manchester City,Premier League,2024
12,Manchester City,Erling Haaland,Shot,Goal,0.46,0.83,https://fbref.com/en/matches/3b8160bd/Tottenham-Hotspur-Manchester-City-February-26-2025-Premier-League,2025-02-26,Tottenham,Manchester City,Premier League,2024
21,Manchester City,Jeremy Doku,Shot,Saved,0.06,0.49,https://fbref.com/en/matches/3b8160bd/Tottenham-Hotspur-Manchester-City-February-26-2025-Premier-League,2025-02-26,Tottenham,Manchester City,Premier League,2024
27,Manchester City,Sávio,Shot,Off Target,0.39,0.0,https://fbref.com/en/matches/3b8160bd/Tottenham-Hotspur-Manchester-City-February-26-2025-Premier-League,2025-02-26,Tottenham,Manchester City,Premier League,2024
30,Manchester City,Erling Haaland,Shot,Saved,0.45,0.45,https://fbref.com/en/matches/3b8160bd/Tottenham-Hotspur-Manchester-City-February-26-2025-Premier-League,2025-02-26,Tottenham,Manchester City,Premier League,2024
32,Manchester City,Sávio,Shot,Blocked,0.07,0.0,https://fbref.com/en/matches/3b8160bd/Tottenham-Hotspur-Manchester-City-February-26-2025-Premier-League,2025-02-26,Tottenham,Manchester City,Premier League,2024
35,Manchester City,Omar Marmoush,Shot,Blocked,0.05,0.0,https://fbref.com/en/matches/3b8160bd/Tottenham-Hotspur-Manchester-City-February-26-2025-Premier-League,2025-02-26,Tottenham,Manchester City,Premier League,2024
45,Tottenham,Kevin Danso,Shot,Saved,0.01,0.09,https://fbref.com/en/matches/3b8160bd/Tottenham-Hotspur-Manchester-City-February-26-2025-Premier-League,2025-02-26,Tottenham,Manchester City,Premier League,2024
51,Manchester City,Jeremy Doku,Shot,Off Target,0.01,0.0,https://fbref.com/en/matches/3b8160bd/Tottenham-Hotspur-Manchester-City-February-26-2025-Premier-League,2025-02-26,Tottenham,Manchester City,Premier League,2024
54,Manchester City,Sávio,Shot,Blocked,0.04,0.0,https://fbref.com/en/matches/3b8160bd/Tottenham-Hotspur-Manchester-City-February-26-2025-Premier-League,2025-02-26,Tottenham,Manchester City,Premier League,2024
55,Tottenham,Wilson Odobert,Shot,Off Target,0.21,0.0,https://fbref.com/en/matches/3b8160bd/Tottenham-Hotspur-Manchester-City-February-26-2025-Premier-League,2025-02-26,Tottenham,Manchester City,Premier League,2024
59,Tottenham,Kevin Danso,Shot,Saved,0.04,0.01,https://fbref.com/en/matches/3b8160bd/Tottenham-Hotspur-Manchester-City-February-26-2025-Premier-League,2025-02-26,Tottenham,Manchester City,Premier League,2024
61,Tottenham,Wilson Odobert,Shot,Saved,0.02,0.44,https://fbref.com/en/matches/3b8160bd/Tottenham-Hotspur-Manchester-City-February-26-2025-Premier-League,2025-02-26,Tottenham,Manchester City,Premier League,2024
62,Tottenham,Rodrigo Bentancur,Shot,Blocked,0.04,0.0,https://fbref.com/en/matches/3b8160bd/Tottenham-Hotspur-Manchester-City-February-26-2025-Premier-League,2025-02-26,Tottenham,Manchester City,Premier League,2024
63,Tottenham,Rodrigo Bentancur,Shot,Saved,0.09,0.18,https://fbref.com/en/matches/3b8160bd/Tottenham-Hotspur-Manchester-City-February-26-2025-Premier-League,2025-02-26,Tottenham,Manchester City,Premier League,2024
65,Manchester City,Sávio,Shot,Blocked,0.07,0.0,https://fbref.com/en/matches/3b8160bd/Tottenham-Hotspur-Manchester-City-February-26-2025-Premier-League,2025-02-26,Tottenham,Manchester City,Premier League,2024
67,Tottenham,Brennan Johnson,Shot,Off Target,0.05,0.0,https://fbref.com/en/matches/3b8160bd/Tottenham-Hotspur-Manchester-City-February-26-2025-Premier-League,2025-02-26,Tottenham,Manchester City,Premier League,2024
69,Tottenham,Pape Matar Sarr,Shot,Blocked,0.32,0.0,https://fbref.com/en/matches/3b8160bd/Tottenham-Hotspur-Manchester-City-February-26-2025-Premier-League,2025-02-26,Tottenham,Manchester City,Premier League,2024
83,Manchester City,Sávio,Shot,Blocked,0.01,0.0,https://fbref.com/en/matches/3b8160bd/Tottenham-Hotspur-Manchester-City-February-26-2025-Premier-League,2025-02-26,Tottenham,Manchester City,Premier League,2024
84,Tottenham,Son Heung-min,Shot,Saved,0.26,0.42,https://fbref.com/en/matches/3b8160bd/Tottenham-Hotspur-Manchester-City-February-26-2025-Premier-League,2025-02-26,Tottenham,Manchester City,Premier League,2024
88,Manchester City,Sávio,Shot,Saved,0.04,0.09,https://fbref.com/en/matches/3b8160bd/Tottenham-Hotspur-Manchester-City-February-26-2025-Premier-League,2025-02-26,Tottenham,Manchester City,Premier League,2024
90,Tottenham,Pape Matar Sarr,Shot,Off Target,0.24,0.0,https://fbref.com/en/matches/3b8160bd/Tottenham-Hotspur-Manchester-City-February-26-2025-Premier-League,2025-02-26,Tottenham,Manchester City,Premier League,2024
0,0,0,Shot,0,0.0,0.0,https://fbref.com/en/matches/1218933c/Brentford-Everton-February-26-2025-Premier-League,2025-02-26,Brentford,Everton,Premier League,2024
1,Brentford,Keane Lewis-Potter,Shot,Off Target,0.02,0.0,https://fbref.com/en/matches/1218933c/Brentford-Everton-February-26-2025-Premier-League,2025-02-26,Brentford,Everton,Premier League,2024
4,Everton,James Garner,Shot,Off Target,0.02,0.0,https://fbref.com/en/matches/1218933c/Brentford-Everton-February-26-2025-Premier-League,2025-02-26,Brentford,Everton,Premier League,2024
7,Everton,Idrissa Gana Gueye,Shot,Off Target,0.02,0.0,https://fbref.com/en/matches/1218933c/Brentford-Everton-February-26-2025-Premier-League,2025-02-26,Brentford,Everton,Premier League,2024
15,Brentford,Mikkel Damsgaard,Shot,Blocked,0.03,0.0,https://fbref.com/en/matches/1218933c/Brentford-Everton-February-26-2025-Premier-League,2025-02-26,Brentford,Everton,Premier League,2024
18,Brentford,Yoane Wissa,Shot,Saved,0.11,0.22,https://fbref.com/en/matches/1218933c/Brentford-Everton-February-26-2025-Premier-League,2025-02-26,Brentford,Everton,Premier League,2024
19,Brentford,Kristoffer Ajer,Shot,Off Target,0.05,0.0,https://fbref.com/en/matches/1218933c/Brentford-Everton-February-26-2025-Premier-League,2025-02-26,Brentford,Everton,Premier League,2024
28,Everton,Beto,Shot,Off Target,0.07,0.0,https://fbref.com/en/matches/1218933c/Brentford-Everton-February-26-2025-Premier-League,2025-02-26,Brentford,Everton,Premier League,2024
41,Brentford,Nathan Collins,Shot,Off Target,0.01,0.0,https://fbref.com/en/matches/1218933c/Brentford-Everton-February-26-2025-Premier-League,2025-02-26,Brentford,Everton,Premier League,2024
42,Everton,Beto,Shot,Saved,0.38,0.77,https://fbref.com/en/matches/1218933c/Brentford-Everton-February-26-2025-Premier-League,2025-02-26,Brentford,Everton,Premier League,2024
45,Brentford,Bryan Mbeumo,Shot,Woodwork,0.27,0.0,https://fbref.com/en/matches/1218933c/Brentford-Everton-February-26-2025-Premier-League,2025-02-26,Brentford,Everton,Premier League,2024
45,Brentford,Yoane Wissa,Shot,Saved,0.04,0.05,https://fbref.com/en/matches/1218933c/Brentford-Everton-February-26-2025-Premier-League,2025-02-26,Brentford,Everton,Premier League,2024
45,Brentford,Yoane Wissa,Shot,Goal,0.85,0.62,https://fbref.com/en/matches/1218933c/Brentford-Everton-February-26-2025-Premier-League,2025-02-26,Brentford,Everton,Premier League,2024
45,Everton,Carlos Alcaraz,Shot,Off Target,0.02,0.0,https://fbref.com/en/matches/1218933c/Brentford-Everton-February-26-2025-Premier-League,2025-02-26,Brentford,Everton,Premier League,2024
52,Everton,James Garner,Shot,Off Target,0.04,0.0,https://fbref.com/en/matches/1218933c/Brentford-Everton-February-26-2025-Premier-League,2025-02-26,Brentford,Everton,Premier League,2024
64,Everton,Carlos Alcaraz,Shot,Off Target,0.09,0.0,https://fbref.com/en/matches/1218933c/Brentford-Everton-February-26-2025-Premier-League,2025-02-26,Brentford,Everton,Premier League,2024
66,Everton,Jack Harrison,Shot,Blocked,0.1,0.0,https://fbref.com/en/matches/1218933c/Brentford-Everton-February-26-2025-Premier-League,2025-02-26,Brentford,Everton,Premier League,2024
66,Everton,Carlos Alcaraz,Shot,Off Target,0.03,0.0,https://fbref.com/en/matches/1218933c/Brentford-Everton-February-26-2025-Premier-League,2025-02-26,Brentford,Everton,Premier League,2024
71,Brentford,Nathan Collins,Shot,Off Target,0.12,0.0,https://fbref.com/en/matches/1218933c/Brentford-Everton-February-26-2025-Premier-League,2025-02-26,Brentford,Everton,Premier League,2024
77,Everton,Jake O'Brien,Shot,Goal,0.24,0.75,https://fbref.com/en/matches/1218933c/Brentford-Everton-February-26-2025-Premier-League,2025-02-26,Brentford,Everton,Premier League,2024
79,Brentford,Bryan Mbeumo,Shot,Blocked,0.03,0.0,https://fbref.com/en/matches/1218933c/Brentford-Everton-February-26-2025-Premier-League,2025-02-26,Brentford,Everton,Premier League,2024
86,Everton,Carlos Alcaraz,Shot,Saved,0.1,0.18,https://fbref.com/en/matches/1218933c/Brentford-Everton-February-26-2025-Premier-League,2025-02-26,Brentford,Everton,Premier League,2024
87,Brentford,Mikkel Damsgaard,Shot,Blocked,0.11,0.0,https://fbref.com/en/matches/1218933c/Brentford-Everton-February-26-2025-Premier-League,2025-02-26,Brentford,Everton,Premier League,2024
88,Everton,Beto,Shot,Saved,0.31,0.71,https://fbref.com/en/matches/1218933c/Brentford-Everton-February-26-2025-Premier-League,2025-02-26,Brentford,Everton,Premier League,2024
89,Everton,James Tarkowski,Shot,Blocked,0.04,0.0,https://fbref.com/en/matches/1218933c/Brentford-Everton-February-26-2025-Premier-League,2025-02-26,Brentford,Everton,Premier League,2024
90,Everton,Carlos Alcaraz,Shot,Off Target,0.09,0.0,https://fbref.com/en/matches/1218933c/Brentford-Everton-February-26-2025-Premier-League,2025-02-26,Brentford,Everton,Premier League,2024
90,Brentford,Vitaly Janelt,Shot,Off Target,0.08,0.0,https://fbref.com/en/matches/1218933c/Brentford-Everton-February-26-2025-Premier-League,2025-02-26,Brentford,Everton,Premier League,2024
0,0,0,Shot,0,0.0,0.0,https://fbref.com/en/matches/21d4a457/Chelsea-Southampton-February-25-2025-Premier-League,2025-02-25,Chelsea,Southampton,Premier League,2024
14,Southampton,Paul Onuachu,Shot,Off Target,0.06,0.0,https://fbref.com/en/matches/21d4a457/Chelsea-Southampton-February-25-2025-Premier-League,2025-02-25,Chelsea,Southampton,Premier League,2024
16,Southampton,Paul Onuachu,Shot,Saved,0.02,0.02,https://fbref.com/en/matches/21d4a457/Chelsea-Southampton-February-25-2025-Premier-League,2025-02-25,Chelsea,Southampton,Premier League,2024
21,Chelsea,Cole Palmer,Shot,Off Target,0.09,0.0,https://fbref.com/en/matches/21d4a457/Chelsea-Southampton-February-25-2025-Premier-League,2025-02-25,Chelsea,Southampton,Premier League,2024
23,Chelsea,Tosin Adarabioyo,Shot,Off Target,0.04,0.0,https://fbref.com/en/matches/21d4a457/Chelsea-Southampton-February-25-2025-Premier-League,2025-02-25,Chelsea,Southampton,Premier League,2024
23,Chelsea,Cole Palmer,Shot,Saved,0.61,0.25,https://fbref.com/en/matches/21d4a457/Chelsea-Southampton-February-25-2025-Premier-League,2025-02-25,Chelsea,Southampton,Premier League,2024
24,Chelsea,Christopher Nkunku,Shot,Goal,0.23,0.23,https://fbref.com/en/matches/21d4a457/Chelsea-Southampton-February-25-2025-Premier-League,2025-02-25,Chelsea,Southampton,Premier League,2024
32,Southampton,Paul Onuachu,Shot,Saved,0.15,0.64,https://fbref.com/en/matches/21d4a457/Chelsea-Southampton-February-25-2025-Premier-League,2025-02-25,Chelsea,Southampton,Premier League,2024
34,Chelsea,Cole Palmer,Shot,Off Target,0.37,0.0,https://fbref.com/en/matches/21d4a457/Chelsea-Southampton-February-25-2025-Premier-League,2025-02-25,Chelsea,Southampton,Premier League,2024
36,Chelsea,Pedro Neto,Shot,Goal,0.06,0.1,https://fbref.com/en/matches/21d4a457/Chelsea-Southampton-February-25-2025-Premier-League,2025-02-25,Chelsea,Southampton,Premier League,2024
44,Chelsea,Levi Colwill,Shot,Goal,0.14,0.28,https://fbref.com/en/matches/21d4a457/Chelsea-Southampton-February-25-2025-Premier-League,2025-02-25,Chelsea,Southampton,Premier League,2024
51,Chelsea,Christopher Nkunku,Shot,Saved,0.04,0.12,https://fbref.com/en/matches/21d4a457/Chelsea-Southampton-February-25-2025-Premier-League,2025-02-25,Chelsea,Southampton,Premier League,2024
53,Chelsea,Christopher Nkunku,Shot,Off Target,0.04,0.0,https://fbref.com/en/matches/21d4a457/Chelsea-Southampton-February-25-2025-Premier-League,2025-02-25,Chelsea,Southampton,Premier League,2024
54,Chelsea,Cole Palmer,Shot,Saved,0.07,0.43,https://fbref.com/en/matches/21d4a457/Chelsea-Southampton-February-25-2025-Premier-League,2025-02-25,Chelsea,Southampton,Premier League,2024
56,Chelsea,Cole Palmer,Shot,Off Target,0.09,0.0,https://fbref.com/en/matches/21d4a457/Chelsea-Southampton-February-25-2025-Premier-League,2025-02-25,Chelsea,Southampton,Premier League,2024
66,Southampton,Mateus Fernandes,Shot,Blocked,0.02,0.0,https://fbref.com/en/matches/21d4a457/Chelsea-Southampton-February-25-2025-Premier-League,2025-02-25,Chelsea,Southampton,Premier League,2024
67,Southampton,Armel Bella Kotchap,Shot,Off Target,0.32,0.0,https://fbref.com/en/matches/21d4a457/Chelsea-Southampton-February-25-2025-Premier-League,2025-02-25,Chelsea,Southampton,Premier League,2024
69,Chelsea,Tyrique George,Shot,Off Target,0.07,0.0,https://fbref.com/en/matches/21d4a457/Chelsea-Southampton-February-25-2025-Premier-League,2025-02-25,Chelsea,Southampton,Premier League,2024
73,Chelsea,Christopher Nkunku,Shot,Blocked,0.11,0.0,https://fbref.com/en/matches/21d4a457/Chelsea-Southampton-February-25-2025-Premier-League,2025-02-25,Chelsea,Southampton,Premier League,2024
73,Chelsea,Moisés Caicedo,Shot,Blocked,0.03,0.0,https://fbref.com/en/matches/21d4a457/Chelsea-Southampton-February-25-2025-Premier-League,2025-02-25,Chelsea,Southampton,Premier League,2024
77,Southampton,Ryan Manning,Shot,Blocked,0.02,0.0,https://fbref.com/en/matches/21d4a457/Chelsea-Southampton-February-25-2025-Premier-League,2025-02-25,Chelsea,Southampton,Premier League,2024
78,Chelsea,Marc Cucurella,Shot,Goal,0.37,0.91,https://fbref.com/en/matches/21d4a457/Chelsea-Southampton-February-25-2025-Premier-League,2025-02-25,Chelsea,Southampton,Premier League,2024
81,Southampton,Ryan Manning,Shot,Blocked,0.13,0.0,https://fbref.com/en/matches/21d4a457/Chelsea-Southampton-February-25-2025-Premier-League,2025-02-25,Chelsea,Southampton,Premier League,2024
82,Chelsea,Cole Palmer,Shot,Off Target,0.04,0.0,https://fbref.com/en/matches/21d4a457/Chelsea-Southampton-February-25-2025-Premier-League,2025-02-25,Chelsea,Southampton,Premier League,2024
89,Chelsea,Enzo Fernández,Shot,Saved,0.08,0.27,https://fbref.com/en/matches/21d4a457/Chelsea-Southampton-February-25-2025-Premier-League,2025-02-25,Chelsea,Southampton,Premier League,2024
90,Chelsea,Shumaira Mheuka,Shot,Saved,0.06,0.23,https://fbref.com/en/matches/21d4a457/Chelsea-Southampton-February-25-2025-Premier-League,2025-02-25,Chelsea,Southampton,Premier League,2024
90,Chelsea,Cole Palmer,Shot,Saved,0.05,0.27,https://fbref.com/en/matches/21d4a457/Chelsea-Southampton-February-25-2025-Premier-League,2025-02-25,Chelsea,Southampton,Premier League,2024
0,0,0,Shot,0,0.0,0.0,https://fbref.com/en/matches/fade9277/Brighton-and-Hove-Albion-Bournemouth-February-25-2025-Premier-League,2025-02-25,Brighton,Bournemouth,Premier League,2024
2,Bournemouth,Ryan Christie,Shot,Saved,0.04,0.3,https://fbref.com/en/matches/fade9277/Brighton-and-Hove-Albion-Bournemouth-February-25-2025-Premier-League,2025-02-25,Brighton,Bournemouth,Premier League,2024
8,Brighton,Georginio Rutter,Shot,Off Target,0.25,0.0,https://fbref.com/en/matches/fade9277/Brighton-and-Hove-Albion-Bournemouth-February-25-2025-Premier-League,2025-02-25,Brighton,Bournemouth,Premier League,2024
9,Brighton,Kaoru Mitoma,Shot,Off Target,0.27,0.0,https://fbref.com/en/matches/fade9277/Brighton-and-Hove-Albion-Bournemouth-February-25-2025-Premier-League,2025-02-25,Brighton,Bournemouth,Premier League,2024
12,Brighton,João Pedro(pen),Penalty,Goal,0.79,0.84,https://fbref.com/en/matches/fade9277/Brighton-and-Hove-Albion-Bournemouth-February-25-2025-Premier-League,2025-02-25,Brighton,Bournemouth,Premier League,2024
16,Bournemouth,Ryan Christie,Shot,Blocked,0.07,0.0,https://fbref.com/en/matches/fade9277/Brighton-and-Hove-Albion-Bournemouth-February-25-2025-Premier-League,2025-02-25,Brighton,Bournemouth,Premier League,2024
18,Bournemouth,Dango Ouattara,Shot,Off Target,0.13,0.0,https://fbref.com/en/matches/fade9277/Brighton-and-Hove-Albion-Bournemouth-February-25-2025-Premier-League,2025-02-25,Brighton,Bournemouth,Premier League,2024
19,Brighton,Georginio Rutter,Shot,Blocked,0.06,0.0,https://fbref.com/en/matches/fade9277/Brighton-and-Hove-Albion-Bournemouth-February-25-2025-Premier-League,2025-02-25,Brighton,Bournemouth,Premier League,2024
20,Brighton,Yankuba Minteh,Shot,Saved,0.06,0.08,https://fbref.com/en/matches/fade9277/Brighton-and-Hove-Albion-Bournemouth-February-25-2025-Premier-League,2025-02-25,Brighton,Bournemouth,Premier League,2024
29,Bournemouth,James Hill,Shot,Blocked,0.04,0.0,https://fbref.com/en/matches/fade9277/Brighton-and-Hove-Albion-Bournemouth-February-25-2025-Premier-League,2025-02-25,Brighton,Bournemouth,Premier League,2024
31,Bournemouth,Justin Kluivert,Shot,Blocked,0.1,0.0,https://fbref.com/en/matches/fade9277/Brighton-and-Hove-Albion-Bournemouth-February-25-2025-Premier-League,2025-02-25,Brighton,Bournemouth,Premier League,2024
34,Bournemouth,Antoine Semenyo,Shot,Saved,0.19,0.22,https://fbref.com/en/matches/fade9277/Brighton-and-Hove-Albion-Bournemouth-February-25-2025-Premier-League,2025-02-25,Brighton,Bournemouth,Premier League,2024
37,Brighton,Kaoru Mitoma,Shot,Woodwork,0.36,0.0,https://fbref.com/en/matches/fade9277/Brighton-and-Hove-Albion-Bournemouth-February-25-2025-Premier-League,2025-02-25,Brighton,Bournemouth,Premier League,2024
40,Bournemouth,David Brooks,Shot,Blocked,0.05,0.0,https://fbref.com/en/matches/fade9277/Brighton-and-Hove-Albion-Bournemouth-February-25-2025-Premier-League,2025-02-25,Brighton,Bournemouth,Premier League,2024
48,Brighton,Jan Paul van Hecke,Shot,Off Target,0.16,0.0,https://fbref.com/en/matches/fade9277/Brighton-and-Hove-Albion-Bournemouth-February-25-2025-Premier-League,2025-02-25,Brighton,Bournemouth,Premier League,2024
59,Brighton,Georginio Rutter,Shot,Blocked,0.04,0.0,https://fbref.com/en/matches/fade9277/Brighton-and-Hove-Albion-Bournemouth-February-25-2025-Premier-League,2025-02-25,Brighton,Bournemouth,Premier League,2024
61,Brighton,Diego Gómez,Shot,Blocked,0.03,0.0,https://fbref.com/en/matches/fade9277/Brighton-and-Hove-Albion-Bournemouth-February-25-2025-Premier-League,2025-02-25,Brighton,Bournemouth,Premier League,2024
61,Brighton,Georginio Rutter,Shot,Saved,0.04,0.02,https://fbref.com/en/matches/fade9277/Brighton-and-Hove-Albion-Bournemouth-February-25-2025-Premier-League,2025-02-25,Brighton,Bournemouth,Premier League,2024
61,Bournemouth,Justin Kluivert,Shot,Goal,0.03,0.28,https://fbref.com/en/matches/fade9277/Brighton-and-Hove-Albion-Bournemouth-February-25-2025-Premier-League,2025-02-25,Brighton,Bournemouth,Premier League,2024
65,Bournemouth,Dango Ouattara,Shot,Off Target,0.08,0.0,https://fbref.com/en/matches/fade9277/Brighton-and-Hove-Albion-Bournemouth-February-25-2025-Premier-League,2025-02-25,Brighton,Bournemouth,Premier League,2024
68,Bournemouth,Marcus Tavernier,Shot,Off Target,0.03,0.0,https://fbref.com/en/matches/fade9277/Brighton-and-Hove-Albion-Bournemouth-February-25-2025-Premier-League,2025-02-25,Brighton,Bournemouth,Premier League,2024
69,Bournemouth,Marcus Tavernier,Shot,Blocked,0.02,0.0,https://fbref.com/en/matches/fade9277/Brighton-and-Hove-Albion-Bournemouth-February-25-2025-Premier-League,2025-02-25,Brighton,Bournemouth,Premier League,2024
69,Bournemouth,Dango Ouattara,Shot,Saved,0.25,0.27,https://fbref.com/en/matches/fade9277/Brighton-and-Hove-Albion-Bournemouth-February-25-2025-Premier-League,2025-02-25,Brighton,Bournemouth,Premier League,2024
71,Bournemouth,Dango Ouattara,Shot,Off Target,0.08,0.0,https://fbref.com/en/matches/fade9277/Brighton-and-Hove-Albion-Bournemouth-February-25-2025-Premier-League,2025-02-25,Brighton,Bournemouth,Premier League,2024
75,Brighton,Danny Welbeck,Shot,Goal,0.37,0.7,https://fbref.com/en/matches/fade9277/Brighton-and-Hove-Albion-Bournemouth-February-25-2025-Premier-League,2025-02-25,Brighton,Bournemouth,Premier League,2024
79,Bournemouth,James Hill,Shot,Off Target,0.14,0.0,https://fbref.com/en/matches/fade9277/Brighton-and-Hove-Albion-Bournemouth-February-25-2025-Premier-League,2025-02-25,Brighton,Bournemouth,Premier League,2024
81,Bournemouth,Marcus Tavernier,Shot,Blocked,0.03,0.0,https://fbref.com/en/matches/fade9277/Brighton-and-Hove-Albion-Bournemouth-February-25-2025-Premier-League,2025-02-25,Brighton,Bournemouth,Premier League,2024
83,Bournemouth,Antoine Semenyo,Shot,Saved,0.04,0.07,https://fbref.com/en/matches/fade9277/Brighton-and-Hove-Albion-Bournemouth-February-25-2025-Premier-League,2025-02-25,Brighton,Bournemouth,Premier League,2024
87,Bournemouth,Luis Sinisterra,Shot,Blocked,0.09,0.0,https://fbref.com/en/matches/fade9277/Brighton-and-Hove-Albion-Bournemouth-February-25-2025-Premier-League,2025-02-25,Brighton,Bournemouth,Premier League,2024
90,Bournemouth,Justin Kluivert,Shot,Off Target,0.01,0.0,https://fbref.com/en/matches/fade9277/Brighton-and-Hove-Albion-Bournemouth-February-25-2025-Premier-League,2025-02-25,Brighton,Bournemouth,Premier League,2024
90,Bournemouth,Kepa Arrizabalaga,Shot,Off Target,0.06,0.0,https://fbref.com/en/matches/fade9277/Brighton-and-Hove-Albion-Bournemouth-February-25-2025-Premier-League,2025-02-25,Brighton,Bournemouth,Premier League,2024
0,0,0,Shot,0,0.0,0.0,https://fbref.com/en/matches/7aecfc4c/Wolverhampton-Wanderers-Fulham-February-25-2025-Premier-League,2025-02-25,Wolves,Fulham,Premier League,2024
1,Fulham,Ryan Sessegnon,Shot,Goal,0.37,0.82,https://fbref.com/en/matches/7aecfc4c/Wolverhampton-Wanderers-Fulham-February-25-2025-Premier-League,2025-02-25,Wolves,Fulham,Premier League,2024
6,Wolves,João Gomes,Shot,Blocked,0.02,0.0,https://fbref.com/en/matches/7aecfc4c/Wolverhampton-Wanderers-Fulham-February-25-2025-Premier-League,2025-02-25,Wolves,Fulham,Premier League,2024
6,Wolves,Matheus Cunha,Shot,Blocked,0.06,0.0,https://fbref.com/en/matches/7aecfc4c/Wolverhampton-Wanderers-Fulham-February-25-2025-Premier-League,2025-02-25,Wolves,Fulham,Premier League,2024
6,Wolves,Matt Doherty,Shot,Off Target,0.05,0.0,https://fbref.com/en/matches/7aecfc4c/Wolverhampton-Wanderers-Fulham-February-25-2025-Premier-League,2025-02-25,Wolves,Fulham,Premier League,2024
14,Wolves,André,Shot,Off Target,0.02,0.0,https://fbref.com/en/matches/7aecfc4c/Wolverhampton-Wanderers-Fulham-February-25-2025-Premier-League,2025-02-25,Wolves,Fulham,Premier League,2024
16,Wolves,João Gomes,Shot,Off Target,0.21,0.0,https://fbref.com/en/matches/7aecfc4c/Wolverhampton-Wanderers-Fulham-February-25-2025-Premier-League,2025-02-25,Wolves,Fulham,Premier League,2024
16,Wolves,Marshall Munetsi,Shot,Off Target,0.19,0.0,https://fbref.com/en/matches/7aecfc4c/Wolverhampton-Wanderers-Fulham-February-25-2025-Premier-League,2025-02-25,Wolves,Fulham,Premier League,2024
18,Wolves,João Gomes,Shot,Goal,0.14,0.2,https://fbref.com/en/matches/7aecfc4c/Wolverhampton-Wanderers-Fulham-February-25-2025-Premier-League,2025-02-25,Wolves,Fulham,Premier League,2024
24,Fulham,Adama Traoré,Shot,Saved,0.01,0.05,https://fbref.com/en/matches/7aecfc4c/Wolverhampton-Wanderers-Fulham-February-25-2025-Premier-League,2025-02-25,Wolves,Fulham,Premier League,2024
26,Fulham,Rodrigo Muniz,Shot,Blocked,0.29,0.0,https://fbref.com/en/matches/7aecfc4c/Wolverhampton-Wanderers-Fulham-February-25-2025-Premier-League,2025-02-25,Wolves,Fulham,Premier League,2024
29,Fulham,Rodrigo Muniz,Shot,Off Target,0.03,0.0,https://fbref.com/en/matches/7aecfc4c/Wolverhampton-Wanderers-Fulham-February-25-2025-Premier-League,2025-02-25,Wolves,Fulham,Premier League,2024
35,Wolves,Matheus Cunha,Shot,Saved,0.04,0.05,https://fbref.com/en/matches/7aecfc4c/Wolverhampton-Wanderers-Fulham-February-25-2025-Premier-League,2025-02-25,Wolves,Fulham,Premier League,2024
36,Wolves,Jean-Ricner Bellegarde,Shot,Off Target,0.03,0.0,https://fbref.com/en/matches/7aecfc4c/Wolverhampton-Wanderers-Fulham-February-25-2025-Premier-League,2025-02-25,Wolves,Fulham,Premier League,2024
38,Wolves,Matheus Cunha,Shot,Saved,0.05,0.02,https://fbref.com/en/matches/7aecfc4c/Wolverhampton-Wanderers-Fulham-February-25-2025-Premier-League,2025-02-25,Wolves,Fulham,Premier League,2024
41,Fulham,Ryan Sessegnon,Shot,Saved,0.04,0.5,https://fbref.com/en/matches/7aecfc4c/Wolverhampton-Wanderers-Fulham-February-25-2025-Premier-League,2025-02-25,Wolves,Fulham,Premier League,2024
47,Fulham,Rodrigo Muniz,Shot,Goal,0.31,0.19,https://fbref.com/en/matches/7aecfc4c/Wolverhampton-Wanderers-Fulham-February-25-2025-Premier-League,2025-02-25,Wolves,Fulham,Premier League,2024
50,Wolves,Matheus Cunha,Shot,Off Target,0.08,0.0,https://fbref.com/en/matches/7aecfc4c/Wolverhampton-Wanderers-Fulham-February-25-2025-Premier-League,2025-02-25,Wolves,Fulham,Premier League,2024
54,Wolves,Jean-Ricner Bellegarde,Shot,Blocked,0.06,0.0,https://fbref.com/en/matches/7aecfc4c/Wolverhampton-Wanderers-Fulham-February-25-2025-Premier-League,2025-02-25,Wolves,Fulham,Premier League,2024
54,Wolves,Jean-Ricner Bellegarde,Shot,Saved,0.02,0.04,https://fbref.com/en/matches/7aecfc4c/Wolverhampton-Wanderers-Fulham-February-25-2025-Premier-League,2025-02-25,Wolves,Fulham,Premier League,2024
56,Wolves,Matheus Cunha,Shot,Saved,0.09,0.13,https://fbref.com/en/matches/7aecfc4c/Wolverhampton-Wanderers-Fulham-February-25-2025-Premier-League,2025-02-25,Wolves,Fulham,Premier League,2024
58,Wolves,Marshall Munetsi,Shot,Blocked,0.09,0.0,https://fbref.com/en/matches/7aecfc4c/Wolverhampton-Wanderers-Fulham-February-25-2025-Premier-League,2025-02-25,Wolves,Fulham,Premier League,2024
69,Wolves,Matheus Cunha,Shot,Blocked,0.03,0.0,https://fbref.com/en/matches/7aecfc4c/Wolverhampton-Wanderers-Fulham-February-25-2025-Premier-League,2025-02-25,Wolves,Fulham,Premier League,2024
78,Wolves,João Gomes,Shot,Off Target,0.02,0.0,https://fbref.com/en/matches/7aecfc4c/Wolverhampton-Wanderers-Fulham-February-25-2025-Premier-League,2025-02-25,Wolves,Fulham,Premier League,2024
83,Fulham,Raúl Jiménez,Shot,Saved,0.21,0.17,https://fbref.com/en/matches/7aecfc4c/Wolverhampton-Wanderers-Fulham-February-25-2025-Premier-League,2025-02-25,Wolves,Fulham,Premier League,2024
87,Fulham,Andreas Pereira,Shot,Blocked,0.1,0.0,https://fbref.com/en/matches/7aecfc4c/Wolverhampton-Wanderers-Fulham-February-25-2025-Premier-League,2025-02-25,Wolves,Fulham,Premier League,2024
88,Fulham,Raúl Jiménez,Shot,Off Target,0.05,0.0,https://fbref.com/en/matches/7aecfc4c/Wolverhampton-Wanderers-Fulham-February-25-2025-Premier-League,2025-02-25,Wolves,Fulham,Premier League,2024
90,Fulham,Raúl Jiménez,Shot,Off Target,0.24,0.0,https://fbref.com/en/matches/7aecfc4c/Wolverhampton-Wanderers-Fulham-February-25-2025-Premier-League,2025-02-25,Wolves,Fulham,Premier League,2024
90,Fulham,Alex Iwobi,Shot,Blocked,0.04,0.0,https://fbref.com/en/matches/7aecfc4c/Wolverhampton-Wanderers-Fulham-February-25-2025-Premier-League,2025-02-25,Wolves,Fulham,Premier League,2024
90,Wolves,Rayan Aït-Nouri,Shot,Blocked,0.11,0.0,https://fbref.com/en/matches/7aecfc4c/Wolverhampton-Wanderers-Fulham-February-25-2025-Premier-League,2025-02-25,Wolves,Fulham,Premier League,2024
0,0,0,Shot,0,0.0,0.0,https://fbref.com/en/matches/0a97629a/Crystal-Palace-Aston-Villa-February-25-2025-Premier-League,2025-02-25,Crystal Palace,Aston Villa,Premier League,2024
21,Aston Villa,Youri Tielemans,Shot,Off Target,0.05,0.0,https://fbref.com/en/matches/0a97629a/Crystal-Palace-Aston-Villa-February-25-2025-Premier-League,2025-02-25,Crystal Palace,Aston Villa,Premier League,2024
29,Crystal Palace,Ismaila Sarr,Shot,Goal,0.83,0.88,https://fbref.com/en/matches/0a97629a/Crystal-Palace-Aston-Villa-February-25-2025-Premier-League,2025-02-25,Crystal Palace,Aston Villa,Premier League,2024
29,Crystal Palace,Chris Richards,Shot,Saved,0.02,0.04,https://fbref.com/en/matches/0a97629a/Crystal-Palace-Aston-Villa-February-25-2025-Premier-League,2025-02-25,Crystal Palace,Aston Villa,Premier League,2024
34,Crystal Palace,Eberechi Eze,Shot,Blocked,0.18,0.0,https://fbref.com/en/matches/0a97629a/Crystal-Palace-Aston-Villa-February-25-2025-Premier-League,2025-02-25,Crystal Palace,Aston Villa,Premier League,2024
38,Crystal Palace,Ismaila Sarr,Shot,Saved,0.37,0.79,https://fbref.com/en/matches/0a97629a/Crystal-Palace-Aston-Villa-February-25-2025-Premier-League,2025-02-25,Crystal Palace,Aston Villa,Premier League,2024
38,Crystal Palace,Ismaila Sarr,Shot,Off Target,0.78,0.0,https://fbref.com/en/matches/0a97629a/Crystal-Palace-Aston-Villa-February-25-2025-Premier-League,2025-02-25,Crystal Palace,Aston Villa,Premier League,2024
40,Crystal Palace,Jean-Philippe Mateta,Shot,Off Target,0.27,0.0,https://fbref.com/en/matches/0a97629a/Crystal-Palace-Aston-Villa-February-25-2025-Premier-League,2025-02-25,Crystal Palace,Aston Villa,Premier League,2024
45,Crystal Palace,Tyrick Mitchell,Shot,Off Target,0.04,0.0,https://fbref.com/en/matches/0a97629a/Crystal-Palace-Aston-Villa-February-25-2025-Premier-League,2025-02-25,Crystal Palace,Aston Villa,Premier League,2024
47,Crystal Palace,Will Hughes,Shot,Off Target,0.02,0.0,https://fbref.com/en/matches/0a97629a/Crystal-Palace-Aston-Villa-February-25-2025-Premier-League,2025-02-25,Crystal Palace,Aston Villa,Premier League,2024
47,Crystal Palace,Eberechi Eze,Shot,Off Target,0.03,0.0,https://fbref.com/en/matches/0a97629a/Crystal-Palace-Aston-Villa-February-25-2025-Premier-League,2025-02-25,Crystal Palace,Aston Villa,Premier League,2024
51,Crystal Palace,Eberechi Eze,Shot,Blocked,0.07,0.0,https://fbref.com/en/matches/0a97629a/Crystal-Palace-Aston-Villa-February-25-2025-Premier-League,2025-02-25,Crystal Palace,Aston Villa,Premier League,2024
52,Aston Villa,Morgan Rogers,Shot,Goal,0.13,0.86,https://fbref.com/en/matches/0a97629a/Crystal-Palace-Aston-Villa-February-25-2025-Premier-League,2025-02-25,Crystal Palace,Aston Villa,Premier League,2024
56,Aston Villa,Axel Disasi,Shot,Off Target,0.07,0.0,https://fbref.com/en/matches/0a97629a/Crystal-Palace-Aston-Villa-February-25-2025-Premier-League,2025-02-25,Crystal Palace,Aston Villa,Premier League,2024
58,Crystal Palace,Eberechi Eze,Shot,Blocked,0.03,0.0,https://fbref.com/en/matches/0a97629a/Crystal-Palace-Aston-Villa-February-25-2025-Premier-League,2025-02-25,Crystal Palace,Aston Villa,Premier League,2024
59,Crystal Palace,Jefferson Lerma,Shot,Blocked,0.08,0.0,https://fbref.com/en/matches/0a97629a/Crystal-Palace-Aston-Villa-February-25-2025-Premier-League,2025-02-25,Crystal Palace,Aston Villa,Premier League,2024
59,Crystal Palace,Adam Wharton,Shot,Off Target,0.03,0.0,https://fbref.com/en/matches/0a97629a/Crystal-Palace-Aston-Villa-February-25-2025-Premier-League,2025-02-25,Crystal Palace,Aston Villa,Premier League,2024
59,Crystal Palace,Jean-Philippe Mateta,Shot,Goal,0.13,0.57,https://fbref.com/en/matches/0a97629a/Crystal-Palace-Aston-Villa-February-25-2025-Premier-League,2025-02-25,Crystal Palace,Aston Villa,Premier League,2024
68,Aston Villa,Ezri Konsa,Shot,Woodwork,0.06,0.0,https://fbref.com/en/matches/0a97629a/Crystal-Palace-Aston-Villa-February-25-2025-Premier-League,2025-02-25,Crystal Palace,Aston Villa,Premier League,2024
69,Crystal Palace,Maxence Lacroix,Shot,Blocked,0.02,0.0,https://fbref.com/en/matches/0a97629a/Crystal-Palace-Aston-Villa-February-25-2025-Premier-League,2025-02-25,Crystal Palace,Aston Villa,Premier League,2024
71,Crystal Palace,Ismaila Sarr,Shot,Goal,0.17,0.88,https://fbref.com/en/matches/0a97629a/Crystal-Palace-Aston-Villa-February-25-2025-Premier-League,2025-02-25,Crystal Palace,Aston Villa,Premier League,2024
74,Crystal Palace,Tyrick Mitchell,Shot,Off Target,0.56,0.0,https://fbref.com/en/matches/0a97629a/Crystal-Palace-Aston-Villa-February-25-2025-Premier-League,2025-02-25,Crystal Palace,Aston Villa,Premier League,2024
79,Crystal Palace,Daniel Muñoz,Shot,Off Target,0.03,0.0,https://fbref.com/en/matches/0a97629a/Crystal-Palace-Aston-Villa-February-25-2025-Premier-League,2025-02-25,Crystal Palace,Aston Villa,Premier League,2024
81,Aston Villa,Leon Bailey,Shot,Blocked,0.04,0.0,https://fbref.com/en/matches/0a97629a/Crystal-Palace-Aston-Villa-February-25-2025-Premier-League,2025-02-25,Crystal Palace,Aston Villa,Premier League,2024
90,Crystal Palace,Eddie Nketiah,Shot,Goal,0.97,0.99,https://fbref.com/en/matches/0a97629a/Crystal-Palace-Aston-Villa-February-25-2025-Premier-League,2025-02-25,Crystal Palace,Aston Villa,Premier League,2024
90,Aston Villa,Youri Tielemans,Shot,Saved,0.02,0.15,https://fbref.com/en/matches/0a97629a/Crystal-Palace-Aston-Villa-February-25-2025-Premier-League,2025-02-25,Crystal Palace,Aston Villa,Premier League,2024
0,0,0,Shot,0,0.0,0.0,https://fbref.com/en/matches/e51a316b/Manchester-City-Liverpool-February-23-2025-Premier-League,2025-02-23,Manchester City,Liverpool,Premier League,2024
2,Liverpool,Dominik Szoboszlai,Shot,Blocked,0.03,0.0,https://fbref.com/en/matches/e51a316b/Manchester-City-Liverpool-February-23-2025-Premier-League,2025-02-23,Manchester City,Liverpool,Premier League,2024
3,Manchester City,Nicolás González,Shot,Blocked,0.03,0.0,https://fbref.com/en/matches/e51a316b/Manchester-City-Liverpool-February-23-2025-Premier-League,2025-02-23,Manchester City,Liverpool,Premier League,2024
8,Manchester City,Omar Marmoush,Shot,Blocked,0.02,0.0,https://fbref.com/en/matches/e51a316b/Manchester-City-Liverpool-February-23-2025-Premier-League,2025-02-23,Manchester City,Liverpool,Premier League,2024
8,Manchester City,Phil Foden,Shot,Saved,0.03,0.02,https://fbref.com/en/matches/e51a316b/Manchester-City-Liverpool-February-23-2025-Premier-League,2025-02-23,Manchester City,Liverpool,Premier League,2024
14,Liverpool,Mohamed Salah,Shot,Goal,0.17,0.78,https://fbref.com/en/matches/e51a316b/Manchester-City-Liverpool-February-23-2025-Premier-League,2025-02-23,Manchester City,Liverpool,Premier League,2024
23,Manchester City,Omar Marmoush,Shot,Saved,0.01,0.01,https://fbref.com/en/matches/e51a316b/Manchester-City-Liverpool-February-23-2025-Premier-League,2025-02-23,Manchester City,Liverpool,Premier League,2024
30,Manchester City,Phil Foden,Shot,Saved,0.04,0.02,https://fbref.com/en/matches/e51a316b/Manchester-City-Liverpool-February-23-2025-Premier-League,2025-02-23,Manchester City,Liverpool,Premier League,2024
37,Liverpool,Dominik Szoboszlai,Shot,Goal,0.14,0.14,https://fbref.com/en/matches/e51a316b/Manchester-City-Liverpool-February-23-2025-Premier-League,2025-02-23,Manchester City,Liverpool,Premier League,2024
42,Manchester City,Kevin De Bruyne,Shot,Blocked,0.02,0.0,https://fbref.com/en/matches/e51a316b/Manchester-City-Liverpool-February-23-2025-Premier-League,2025-02-23,Manchester City,Liverpool,Premier League,2024
45,Manchester City,Nicolás González,Shot,Blocked,0.02,0.0,https://fbref.com/en/matches/e51a316b/Manchester-City-Liverpool-February-23-2025-Premier-League,2025-02-23,Manchester City,Liverpool,Premier League,2024
45,Manchester City,Kevin De Bruyne,Shot,Off Target,0.02,0.0,https://fbref.com/en/matches/e51a316b/Manchester-City-Liverpool-February-23-2025-Premier-League,2025-02-23,Manchester City,Liverpool,Premier League,2024
48,Manchester City,Sávio,Shot,Blocked,0.04,0.0,https://fbref.com/en/matches/e51a316b/Manchester-City-Liverpool-February-23-2025-Premier-League,2025-02-23,Manchester City,Liverpool,Premier League,2024
49,Manchester City,Omar Marmoush,Shot,Blocked,0.05,0.0,https://fbref.com/en/matches/e51a316b/Manchester-City-Liverpool-February-23-2025-Premier-League,2025-02-23,Manchester City,Liverpool,Premier League,2024
58,Manchester City,Omar Marmoush,Shot,Saved,0.04,0.26,https://fbref.com/en/matches/e51a316b/Manchester-City-Liverpool-February-23-2025-Premier-League,2025-02-23,Manchester City,Liverpool,Premier League,2024
61,Liverpool,Andrew Robertson,Shot,Off Target,0.15,0.0,https://fbref.com/en/matches/e51a316b/Manchester-City-Liverpool-February-23-2025-Premier-League,2025-02-23,Manchester City,Liverpool,Premier League,2024
64,Liverpool,Luis Díaz,Shot,Saved,0.03,0.09,https://fbref.com/en/matches/e51a316b/Manchester-City-Liverpool-February-23-2025-Premier-League,2025-02-23,Manchester City,Liverpool,Premier League,2024
66,Manchester City,Nicolás González,Shot,Off Target,0.01,0.0,https://fbref.com/en/matches/e51a316b/Manchester-City-Liverpool-February-23-2025-Premier-League,2025-02-23,Manchester City,Liverpool,Premier League,2024
69,Manchester City,Phil Foden,Shot,Blocked,0.03,0.0,https://fbref.com/en/matches/e51a316b/Manchester-City-Liverpool-February-23-2025-Premier-League,2025-02-23,Manchester City,Liverpool,Premier League,2024
71,Manchester City,Jeremy Doku,Shot,Blocked,0.02,0.0,https://fbref.com/en/matches/e51a316b/Manchester-City-Liverpool-February-23-2025-Premier-League,2025-02-23,Manchester City,Liverpool,Premier League,2024
72,Manchester City,Jeremy Doku,Shot,Saved,0.04,0.1,https://fbref.com/en/matches/e51a316b/Manchester-City-Liverpool-February-23-2025-Premier-League,2025-02-23,Manchester City,Liverpool,Premier League,2024
75,Manchester City,Rico Lewis,Shot,Off Target,0.22,0.0,https://fbref.com/en/matches/e51a316b/Manchester-City-Liverpool-February-23-2025-Premier-League,2025-02-23,Manchester City,Liverpool,Premier League,2024
75,Liverpool,Mohamed Salah,Shot,Saved,0.04,0.37,https://fbref.com/en/matches/e51a316b/Manchester-City-Liverpool-February-23-2025-Premier-League,2025-02-23,Manchester City,Liverpool,Premier League,2024
83,Liverpool,Dominik Szoboszlai,Shot,Blocked,0.09,0.0,https://fbref.com/en/matches/e51a316b/Manchester-City-Liverpool-February-23-2025-Premier-League,2025-02-23,Manchester City,Liverpool,Premier League,2024
84,Liverpool,Ibrahima Konaté,Shot,Off Target,0.06,0.0,https://fbref.com/en/matches/e51a316b/Manchester-City-Liverpool-February-23-2025-Premier-League,2025-02-23,Manchester City,Liverpool,Premier League,2024
0,0,0,Shot,0,0.0,0.0,https://fbref.com/en/matches/93caf0bc/Newcastle-United-Nottingham-Forest-February-23-2025-Premier-League,2025-02-23,Newcastle Utd,Nott'ham Forest,Premier League,2024
6,Nott'ham Forest,Callum Hudson-Odoi,Shot,Goal,0.02,0.35,https://fbref.com/en/matches/93caf0bc/Newcastle-United-Nottingham-Forest-February-23-2025-Premier-League,2025-02-23,Newcastle Utd,Nott'ham Forest,Premier League,2024
10,Newcastle Utd,Lewis Miley,Shot,Blocked,0.05,0.0,https://fbref.com/en/matches/93caf0bc/Newcastle-United-Nottingham-Forest-February-23-2025-Premier-League,2025-02-23,Newcastle Utd,Nott'ham Forest,Premier League,2024
19,Newcastle Utd,Anthony Gordon,Shot,Off Target,0.4,0.0,https://fbref.com/en/matches/93caf0bc/Newcastle-United-Nottingham-Forest-February-23-2025-Premier-League,2025-02-23,Newcastle Utd,Nott'ham Forest,Premier League,2024
22,Newcastle Utd,Bruno Guimarães,Shot,Off Target,0.08,0.0,https://fbref.com/en/matches/93caf0bc/Newcastle-United-Nottingham-Forest-February-23-2025-Premier-League,2025-02-23,Newcastle Utd,Nott'ham Forest,Premier League,2024
23,Newcastle Utd,Lewis Miley,Shot,Goal,0.08,0.21,https://fbref.com/en/matches/93caf0bc/Newcastle-United-Nottingham-Forest-February-23-2025-Premier-League,2025-02-23,Newcastle Utd,Nott'ham Forest,Premier League,2024
25,Newcastle Utd,Jacob Murphy,Shot,Goal,0.93,0.99,https://fbref.com/en/matches/93caf0bc/Newcastle-United-Nottingham-Forest-February-23-2025-Premier-League,2025-02-23,Newcastle Utd,Nott'ham Forest,Premier League,2024
25,Nott'ham Forest,Callum Hudson-Odoi,Shot,Saved,0.02,0.05,https://fbref.com/en/matches/93caf0bc/Newcastle-United-Nottingham-Forest-February-23-2025-Premier-League,2025-02-23,Newcastle Utd,Nott'ham Forest,Premier League,2024
33,Newcastle Utd,Alexander Isak(pen),Penalty,Goal,0.79,0.92,https://fbref.com/en/matches/93caf0bc/Newcastle-United-Nottingham-Forest-February-23-2025-Premier-League,2025-02-23,Newcastle Utd,Nott'ham Forest,Premier League,2024
34,Newcastle Utd,Alexander Isak,Shot,Goal,0.13,0.28,https://fbref.com/en/matches/93caf0bc/Newcastle-United-Nottingham-Forest-February-23-2025-Premier-League,2025-02-23,Newcastle Utd,Nott'ham Forest,Premier League,2024
45,Newcastle Utd,Anthony Gordon,Shot,Blocked,0.05,0.0,https://fbref.com/en/matches/93caf0bc/Newcastle-United-Nottingham-Forest-February-23-2025-Premier-League,2025-02-23,Newcastle Utd,Nott'ham Forest,Premier League,2024
45,Newcastle Utd,Jacob Murphy,Shot,Saved,0.22,0.23,https://fbref.com/en/matches/93caf0bc/Newcastle-United-Nottingham-Forest-February-23-2025-Premier-League,2025-02-23,Newcastle Utd,Nott'ham Forest,Premier League,2024
45,Nott'ham Forest,Chris Wood,Shot,Blocked,0.03,0.0,https://fbref.com/en/matches/93caf0bc/Newcastle-United-Nottingham-Forest-February-23-2025-Premier-League,2025-02-23,Newcastle Utd,Nott'ham Forest,Premier League,2024
45,Nott'ham Forest,Morgan Gibbs-White,Shot,Blocked,0.12,0.0,https://fbref.com/en/matches/93caf0bc/Newcastle-United-Nottingham-Forest-February-23-2025-Premier-League,2025-02-23,Newcastle Utd,Nott'ham Forest,Premier League,2024
45,Nott'ham Forest,Morgan Gibbs-White,Shot,Saved,0.02,0.01,https://fbref.com/en/matches/93caf0bc/Newcastle-United-Nottingham-Forest-February-23-2025-Premier-League,2025-02-23,Newcastle Utd,Nott'ham Forest,Premier League,2024
45,Newcastle Utd,Alexander Isak,Shot,Blocked,0.04,0.0,https://fbref.com/en/matches/93caf0bc/Newcastle-United-Nottingham-Forest-February-23-2025-Premier-League,2025-02-23,Newcastle Utd,Nott'ham Forest,Premier League,2024
49,Newcastle Utd,Fabian Schär,Shot,Woodwork,0.07,0.0,https://fbref.com/en/matches/93caf0bc/Newcastle-United-Nottingham-Forest-February-23-2025-Premier-League,2025-02-23,Newcastle Utd,Nott'ham Forest,Premier League,2024
54,Nott'ham Forest,Anthony Elanga,Shot,Off Target,0.47,0.0,https://fbref.com/en/matches/93caf0bc/Newcastle-United-Nottingham-Forest-February-23-2025-Premier-League,2025-02-23,Newcastle Utd,Nott'ham Forest,Premier League,2024
57,Nott'ham Forest,Morgan Gibbs-White,Shot,Blocked,0.02,0.0,https://fbref.com/en/matches/93caf0bc/Newcastle-United-Nottingham-Forest-February-23-2025-Premier-League,2025-02-23,Newcastle Utd,Nott'ham Forest,Premier League,2024
62,Nott'ham Forest,Elliot Anderson,Shot,Blocked,0.04,0.0,https://fbref.com/en/matches/93caf0bc/Newcastle-United-Nottingham-Forest-February-23-2025-Premier-League,2025-02-23,Newcastle Utd,Nott'ham Forest,Premier League,2024
63,Nott'ham Forest,Nikola Milenković,Shot,Goal,0.29,0.7,https://fbref.com/en/matches/93caf0bc/Newcastle-United-Nottingham-Forest-February-23-2025-Premier-League,2025-02-23,Newcastle Utd,Nott'ham Forest,Premier League,2024
68,Nott'ham Forest,Elliot Anderson,Shot,Blocked,0.05,0.0,https://fbref.com/en/matches/93caf0bc/Newcastle-United-Nottingham-Forest-February-23-2025-Premier-League,2025-02-23,Newcastle Utd,Nott'ham Forest,Premier League,2024
69,Nott'ham Forest,Elliot Anderson,Shot,Off Target,0.03,0.0,https://fbref.com/en/matches/93caf0bc/Newcastle-United-Nottingham-Forest-February-23-2025-Premier-League,2025-02-23,Newcastle Utd,Nott'ham Forest,Premier League,2024
79,Nott'ham Forest,Murillo,Shot,Off Target,0.13,0.0,https://fbref.com/en/matches/93caf0bc/Newcastle-United-Nottingham-Forest-February-23-2025-Premier-League,2025-02-23,Newcastle Utd,Nott'ham Forest,Premier League,2024
83,Newcastle Utd,Harvey Barnes,Shot,Blocked,0.03,0.0,https://fbref.com/en/matches/93caf0bc/Newcastle-United-Nottingham-Forest-February-23-2025-Premier-League,2025-02-23,Newcastle Utd,Nott'ham Forest,Premier League,2024
85,Nott'ham Forest,Nikola Milenković,Shot,Off Target,0.05,0.0,https://fbref.com/en/matches/93caf0bc/Newcastle-United-Nottingham-Forest-February-23-2025-Premier-League,2025-02-23,Newcastle Utd,Nott'ham Forest,Premier League,2024
90,Nott'ham Forest,Morgan Gibbs-White,Shot,Blocked,0.09,0.0,https://fbref.com/en/matches/93caf0bc/Newcastle-United-Nottingham-Forest-February-23-2025-Premier-League,2025-02-23,Newcastle Utd,Nott'ham Forest,Premier League,2024
90,Nott'ham Forest,Ryan Yates,Shot,Goal,0.33,0.88,https://fbref.com/en/matches/93caf0bc/Newcastle-United-Nottingham-Forest-February-23-2025-Premier-League,2025-02-23,Newcastle Utd,Nott'ham Forest,Premier League,2024
90,Nott'ham Forest,Ryan Yates,Shot,Off Target,0.03,0.0,https://fbref.com/en/matches/93caf0bc/Newcastle-United-Nottingham-Forest-February-23-2025-Premier-League,2025-02-23,Newcastle Utd,Nott'ham Forest,Premier League,2024
90,Nott'ham Forest,Ola Aina,Shot,Blocked,0.01,0.0,https://fbref.com/en/matches/93caf0bc/Newcastle-United-Nottingham-Forest-February-23-2025-Premier-League,2025-02-23,Newcastle Utd,Nott'ham Forest,Premier League,2024
90,Newcastle Utd,Callum Wilson,Shot,Blocked,0.05,0.0,https://fbref.com/en/matches/93caf0bc/Newcastle-United-Nottingham-Forest-February-23-2025-Premier-League,2025-02-23,Newcastle Utd,Nott'ham Forest,Premier League,2024
